{"stats":{"minecraft:mined":{"minecraft:sand":1},"minecraft:custom":{"minecraft:jump":22,"minecraft:time_since_rest":4898,"minecraft:walk_on_water_one_cm":336,"minecraft:sprint_one_cm":1669,"minecraft:play_time":4898,"minecraft:damage_taken":30,"minecraft:time_since_death":4898,"minecraft:walk_one_cm":3203,"minecraft:sneak_time":334,"minecraft:total_world_time":4898,"minecraft:walk_under_water_one_cm":42,"minecraft:fall_one_cm":1518,"minecraft:fly_one_cm":113552},"minecraft:picked_up":{"minecraft:sand":1}},"DataVersion":3465}